sorte;gruppe;status;zuchtziel;herkunft;begruendung
Finola;korn;abgeleitet;Samenertrag;FI;Sehr früh, kurzwüchsig, als erste Sorte gezielt auf Samenertrag gezüchtet — Faserertrag spielt keine Rolle.
Finola 2;korn;abgeleitet;Samenertrag;FI;Nachfolgesorte der Finola-Linie, gleiches Zuchtziel.
Henola;korn;abgeleitet;Öl- und Samenertrag;PL;Polnische Ölhanfzüchtung, kurzwüchsig, auf Korndrusch ausgelegt.
CFX-2;korn;abgeleitet;Samenertrag;CA;Kanadische Körnersorte aus einem Zuchtprogramm, das ausschließlich auf Saat- und Ölertrag zielt.
Ferimon;dual;abgeleitet;Faser mit Samennutzung;FR;Französische monözische Sorte der klassischen Doppelnutzungsreihe.
Fedora 17;dual;abgeleitet;Faser mit Samennutzung;FR;Dieselbe Reihe, mittlere Reifezeit.
Futura 75;dual;abgeleitet;Faser mit Samennutzung;FR;Die verbreitetste französische Doppelnutzungssorte.
Futura 83;dual;abgeleitet;Faser mit Samennutzung;FR;Spätere Auslese derselben Linie.
Muka 76;;unbelegt;;;Nach Namensmuster osteuropäisch, Zuchtziel nicht geprüft. Größte Einzelposition der unbelegten Gruppe (53 ha) — hier lohnt die Klärung zuerst.
Estica;;unbelegt;;;Herkunft und Zuchtziel nicht geprüft.
Orion 33;;unbelegt;;;Nicht geprüft.
Santhica 70;;unbelegt;;;Die Santhica-Linie ist auf das Cannabinoidprofil gezüchtet (THC- und CBD-arm, CBG-betont). Das ist eine dritte Nutzungsrichtung, die weder Faser noch Korn ist — braucht eine eigene Gruppe, sobald mehr als ein Schlag darauf entfällt.
