# Pfade, die eine Anmeldung verlangen.
#
# Eine Liste, ein Ort. Der Wächter (web/lib/atlas/middleware/guard.rb) liest sie
# zur Laufzeit und sitzt vor der Statik-Auslieferung — er greift deshalb für
# Kartenblätter, Bilder, gerenderte Werkstatt-Dokumente und jede Route, die
# später dazukommt. Eine abgeleitete Adresse erbt den Schutz ihres Inhalts:
# /blatt/X und /werkstatt/X sind gesperrt, wenn X gesperrt ist.
#
# Vorher stand dasselbe zweimal: als basicauth.paths im Caddy des Hosts (bmeise,
# inventory/host_vars/paketzentrum.yml) und hier als Liste, für die diese
# Anwendung keine zweite Adresse aufmachen durfte. Zwei Listen, die
# auseinanderlaufen konnten, mit dem Fehler in Richtung „öffentlich".
#
# Fehlerrichtung jetzt umgekehrt: lässt sich diese Datei nicht lesen, gilt ALLES
# als gesperrt (Sources::Restricted#restricted?). Lieber eine Seite, die nach
# einem Passwort fragt, als eine, die es nicht tut.
#
# Reichweite: Diese Liste gilt für die ausgelieferte Website, nicht für das
# Repository. Dieselben Dateien liegen dort im Klartext, und das Repository ist
# öffentlich — der Wächter hält eine Adresse zu, keine Datei geheim. Wer etwas
# wirklich nirgends haben will, nimmt es aus dem Repo; ein Eintrag hier tut das
# nicht. So entschieden am 14.08.2026, in Kenntnis der Folge.
#
# Bewusst NICHT gesperrt: Nikolais-Ort.dc.html (Jans Entscheidung) und damit auch
# neumaier_kurzhaar.jpg, das dieses Blatt zeigt. Ebenso uploads/Diplomarbeit.pdf,
# die der gesperrte Waldmann-Gruß verlinkt — sie ist Jans eigene Arbeit und darf
# offen stehen. Das ist kein Loch in der Liste, sondern eine Entscheidung: bitte
# nicht „nachbessern".
pfad;grund
/Gruss-an-Stefan-Waldmann.dc.html;namentlich adressiert, nicht für die Öffentlichkeit
/uploads/neumaier-frueher.png;Foto, nur dieses Deck bindet es ein
/recherche/achter-stock-freiburg.md;Recherche zu Personen am Institut
/recherche/sternprodukt-notizen.md;Notizen zur eigenen Person fürs Pitch-Deck
