# Pfade, die nicht öffentlich sind.
#
# ACHTUNG, ZWEITE LISTE. Die erste steht in bmeise unter
# inventory/host_vars/paketzentrum.yml als basicauth.paths des Dienstes diercki;
# dort hängt die Passwortabfrage des Caddy dran. Diese Liste hier muss dieselben
# Pfade nennen — und zwar deshalb:
#
# Der Caddy schützt ADRESSEN. Diese Anwendung erfindet für denselben Inhalt neue
# Adressen: /blatt/<datei> rahmt ein Blatt, /werkstatt/<pfad> rendert eine
# Markdown-Datei. Ohne diese Liste wäre /werkstatt/recherche/achter-stock-freiburg.md
# der volle Text an einer Adresse, die der Caddy nicht kennt — der Schutz wäre
# umgangen, ohne dass irgendwo etwas kaputt aussieht.
#
# Was hier steht, bekommt keine zweite Adresse: die Anwendung leitet auf den
# Originalpfad um, und dort greift die Abfrage.
#
# Fehlerrichtung wie drüben: was hier FEHLT, ist öffentlich, und nichts meldet das.
# Beim Ergänzen der einen Liste immer die andere mitziehen.
#
# Bewusst NICHT geschützt: Nikolais-Ort.dc.html (Jans Entscheidung) und damit auch
# neumaier_kurzhaar.jpg, das dieses Blatt zeigt.
pfad;grund
/Gruss-an-Stefan-Waldmann.dc.html;namentlich adressiert, nicht für die Öffentlichkeit
/uploads/neumaier-frueher.png;Foto, nur dieses Deck bindet es ein
/recherche/achter-stock-freiburg.md;Recherche zu Personen am Institut
/recherche/sternprodukt-notizen.md;Notizen zur eigenen Person fürs Pitch-Deck
